data,local,grupo,bombonas,peso
2025-01-02,ANEXO,A,28,806.0
2025-01-02,HOSPITAL DA CIDADE,A,20,591.0
2025-01-03,ANEXO,A,15,459.0
2025-01-03,HOSPITAL DA CIDADE,A,11,296.0
2025-01-04,ANEXO,A,19,550.0
2025-01-04,HOSPITAL DA CIDADE,A,9,317.0
2025-01-05,ANEXO,A,14,446.0
2025-01-05,ANEXO,B,1,25.0
2025-01-05,HOSPITAL DA CIDADE,A,10,312.0
2025-01-06,ANEXO,A,16,478.0
2025-01-06,HOSPITAL DA CIDADE,A,11,328.0
2025-01-07,ANEXO,A,14,447.0
2025-01-07,HOSPITAL DA CIDADE,A,12,348.0
2025-01-08,ANEXO,A,13,418.0
2025-01-08,HOSPITAL DA CIDADE,A,9,286.0
2025-01-09,ANEXO,A,15,454.0
2025-01-09,HOSPITAL DA CIDADE,A,11,321.0
2025-01-10,ANEXO,A,13,407.0
2025-01-10,HOSPITAL DA CIDADE,A,11,306.0
2025-01-11,ANEXO,A,14,415.0
2025-01-11,HOSPITAL DA CIDADE,A,11,315.0
2025-01-12,ANEXO,A,13,352.0
2025-01-12,HOSPITAL DA CIDADE,A,10,290.0
2025-01-13,ANEXO,A,15,692.0
2025-01-13,HOSPITAL DA CIDADE,A,10,303.0
2025-01-14,ANEXO,A,15,471.0
2025-01-14,HOSPITAL DA CIDADE,A,10,320.0
2025-01-15,ANEXO,A,15,462.0
2025-01-15,HOSPITAL DA CIDADE,A,8,217.0
2025-01-16,ANEXO,A,16,489.0
2025-01-16,HOSPITAL DA CIDADE,A,9,317.0
2025-01-17,ANEXO,A,15,460.0
2025-01-17,HOSPITAL DA CIDADE,A,10,299.0
2025-01-18,ANEXO,A,14,494.0
2025-01-18,HOSPITAL DA CIDADE,A,9,290.0
2025-01-19,ANEXO,A,15,523.0
2025-01-19,HOSPITAL DA CIDADE,A,11,296.0
2025-01-20,ANEXO,A,14,442.0
2025-01-20,HOSPITAL DA CIDADE,A,10,332.0
2025-01-21,ANEXO,A,17,586.0
2025-01-21,HOSPITAL DA CIDADE,A,12,344.0
2025-01-22,ANEXO,A,16,494.0
2025-01-22,HOSPITAL DA CIDADE,A,10,305.0
2025-01-23,ANEXO,A,15,303.0
2025-01-23,HOSPITAL DA CIDADE,A,11,297.0
2025-01-24,ANEXO,A,16,521.0
2025-01-24,HOSPITAL DA CIDADE,A,10,329.0
2025-01-25,ANEXO,A,16,491.0
2025-01-25,HOSPITAL DA CIDADE,A,14,440.0
2025-01-26,ANEXO,A,16,475.0
2025-01-26,HOSPITAL DA CIDADE,A,9,251.0
2025-01-27,ANEXO,A,16,521.0
2025-01-27,HOSPITAL DA CIDADE,A,10,302.0
2025-01-28,ANEXO,A,18,570.0
2025-01-28,HOSPITAL DA CIDADE,A,10,315.0
2025-01-28,ANEXO,A3,1,15.0
2025-01-29,ANEXO,A,16,563.0
2025-01-29,HOSPITAL DA CIDADE,A,9,297.0
2025-01-30,ANEXO,A,15,468.0
2025-01-30,HOSPITAL DA CIDADE,A,9,304.0
2025-01-31,ANEXO,A,17,587.0
2025-01-31,HOSPITAL DA CIDADE,A,9,301.0
2025-02-01,ANEXO,A,16,514.0
2025-02-01,HOSPITAL DA CIDADE,A,8,262.0
2025-02-02,ANEXO,A,13,408.0
2025-02-02,HOSPITAL DA CIDADE,A,8,232.0
2025-02-03,ANEXO,A,14,427.0
2025-02-03,HOSPITAL DA CIDADE,A,7,201.0
2025-02-04,ANEXO,A,14,437.0
2025-02-04,HOSPITAL DA CIDADE,A,11,314.0
2025-02-05,ANEXO,A,14,514.0
2025-02-05,ANEXO,B,1,25.0
2025-02-05,HOSPITAL DA CIDADE,A,8,297.0
2025-02-06,ANEXO,A,14,359.0
2025-02-06,HOSPITAL DA CIDADE,A,11,326.0
2025-02-07,ANEXO,A,13,411.0
2025-02-07,HOSPITAL DA CIDADE,A,11,315.0
2025-02-07,HOSPITAL DA CIDADE,E,4,100.0
2025-02-08,ANEXO,A,14,378.0
2025-02-08,HOSPITAL DA CIDADE,A,11,248.0
2025-02-09,ANEXO,A,15,398.0
2025-02-09,HOSPITAL DA CIDADE,A,9,247.0
2025-02-10,ANEXO,A,13,367.0
2025-02-10,HOSPITAL DA CIDADE,A,9,228.0
2025-02-11,ANEXO,A,17,350.0
2025-02-11,ANEXO,E,1,10.0
2025-02-11,HOSPITAL DA CIDADE,A,11,317.0
2025-02-12,ANEXO,A,21,530.0
2025-02-12,HOSPITAL DA CIDADE,A,15,404.0
2025-02-13,ANEXO,A,15,265.0
2025-02-13,ANEXO,E,2,30.0
2025-02-13,HOSPITAL DA CIDADE,A,9,179.0
2025-02-13,HOSPITAL DA CIDADE,A3,1,30.0
2025-02-13,ANEXO,A3,1,30.0
2025-02-14,ANEXO,A,15,428.0
2025-02-14,HOSPITAL DA CIDADE,A,11,242.0
2025-02-15,ANEXO,A,19,418.0
2025-02-15,HOSPITAL DA CIDADE,A,11,314.0
2025-02-16,ANEXO,A,15,372.0
2025-02-16,HOSPITAL DA CIDADE,A,11,318.0
2025-02-17,ANEXO,A,17,487.0
2025-02-17,HOSPITAL DA CIDADE,A,8,204.0
2025-02-18,ANEXO,A,15,370.0
2025-02-18,HOSPITAL DA CIDADE,A,10,224.0
2025-02-19,ANEXO,A,18,414.0
2025-02-19,HOSPITAL DA CIDADE,A,9,232.0
2025-02-20,ANEXO,A,21,560.0
2025-02-20,HOSPITAL DA CIDADE,A,11,240.0
2025-02-21,ANEXO,A,12,291.0
2025-02-21,HOSPITAL DA CIDADE,A,7,166.0
2025-02-22,ANEXO,A,17,309.0
2025-02-22,HOSPITAL DA CIDADE,A,14,258.0
2025-02-23,ANEXO,A,10,230.0
2025-02-23,HOSPITAL DA CIDADE,A,5,137.0
2025-02-24,ANEXO,A,15,400.0
2025-02-24,HOSPITAL DA CIDADE,A,9,223.0
2025-02-24,ANEXO,A3,1,15.0
2025-02-25,ANEXO,A,14,390.0
2025-02-25,HOSPITAL DA CIDADE,A,10,240.0
2025-02-25,ANEXO,A3,1,15.0
2025-02-26,ANEXO,A,13,376.0
2025-02-26,HOSPITAL DA CIDADE,A,10,223.0
2025-02-27,ANEXO,A,17,392.0
2025-02-27,HOSPITAL DA CIDADE,A,11,243.0
2025-02-28,ANEXO,A,13,459.0
2025-02-28,HOSPITAL DA CIDADE,A,10,400.0
2025-03-01,ANEXO,A,14,279.0
2025-03-01,HOSPITAL DA CIDADE,A,11,223.0
2025-03-02,ANEXO,A,14,300.0
2025-03-02,HOSPITAL DA CIDADE,A,11,229.0
2025-03-03,ANEXO,A,16,381.0
2025-03-03,HOSPITAL DA CIDADE,A,8,187.0
2025-03-04,ANEXO,A,15,252.0
2025-03-04,HOSPITAL DA CIDADE,A,10,167.0
2025-03-05,ANEXO,A,18,412.0
2025-03-05,ANEXO,B,1,25.0
2025-03-05,HOSPITAL DA CIDADE,A,13,319.0
2025-03-06,ANEXO,A,13,330.0
2025-03-06,HOSPITAL DA CIDADE,A,7,175.0
2025-03-07,ANEXO,A,15,357.0
2025-03-07,HOSPITAL DA CIDADE,A,10,300.0
2025-03-07,HOSPITAL DA CIDADE,E,2,45.0
2025-03-07,ANEXO,A3,1,15.0
2025-03-08,ANEXO,A,10,276.0
2025-03-08,ANEXO,E,2,34.0
2025-03-08,HOSPITAL DA CIDADE,A,9,212.0
2025-03-09,ANEXO,A,18,271.0
2025-03-09,HOSPITAL DA CIDADE,A,9,216.0
2025-03-10,ANEXO,A,9,240.0
2025-03-10,ANEXO,E,2,40.0
2025-03-10,HOSPITAL DA CIDADE,A,10,221.0
2025-03-11,ANEXO,A,16,333.0
2025-03-11,ANEXO,E,1,20.0
2025-03-11,HOSPITAL DA CIDADE,A,9,289.0
2025-03-12,ANEXO,A,12,300.0
2025-03-12,HOSPITAL DA CIDADE,A,9,225.0
2025-03-13,ANEXO,A,14,328.0
2025-03-13,ANEXO,E,1,26.0
2025-03-13,HOSPITAL DA CIDADE,A,9,258.0
2025-03-13,HOSPITAL DA CIDADE,E,1,22.0
2025-03-14,ANEXO,A,11,297.0
2025-03-14,ANEXO,E,2,42.0
2025-03-14,HOSPITAL DA CIDADE,A,9,225.0
2025-03-14,HOSPITAL DA CIDADE,E,1,27.0
2025-03-15,ANEXO,A,14,324.0
2025-03-15,ANEXO,E,2,0.0
2025-03-15,HOSPITAL DA CIDADE,A,10,261.0
2025-03-16,ANEXO,A,11,328.0
2025-03-16,HOSPITAL DA CIDADE,A,8,239.0
2025-03-17,ANEXO,A,13,215.0
2025-03-17,ANEXO,E,2,39.0
2025-03-17,HOSPITAL DA CIDADE,A,8,255.0
2025-03-17,HOSPITAL DA CIDADE,E,1,20.0
2025-03-18,ANEXO,A,14,396.0
2025-03-18,ANEXO,E,2,52.0
2025-03-18,HOSPITAL DA CIDADE,A,9,239.0
2025-03-19,ANEXO,A,15,406.0
2025-03-19,ANEXO,E,1,12.0
2025-03-19,HOSPITAL DA CIDADE,A,10,289.0
2025-03-19,ANEXO,A3,1,15.0
2025-03-20,ANEXO,A,13,340.0
2025-03-20,ANEXO,E,2,47.0
2025-03-20,HOSPITAL DA CIDADE,A,9,278.0
2025-03-20,HOSPITAL DA CIDADE,E,1,30.0
2025-03-21,ANEXO,A,14,350.0
2025-03-21,ANEXO,E,1,25.0
2025-03-21,HOSPITAL DA CIDADE,A,8,200.0
2025-03-21,HOSPITAL DA CIDADE,E,1,25.0
2025-03-22,ANEXO,A,12,295.0
2025-03-22,ANEXO,E,2,40.0
2025-03-22,HOSPITAL DA CIDADE,A,9,181.0
2025-03-23,ANEXO,A,16,366.0
2025-03-23,ANEXO,E,1,30.0
2025-03-23,HOSPITAL DA CIDADE,A,8,220.0
2025-03-23,HOSPITAL DA CIDADE,E,1,20.0
2025-03-24,ANEXO,A,13,392.0
2025-03-24,ANEXO,E,1,22.0
2025-03-24,HOSPITAL DA CIDADE,A,7,237.0
2025-03-25,ANEXO,A,13,342.0
2025-03-25,ANEXO,E,1,22.0
2025-03-25,HOSPITAL DA CIDADE,A,8,229.0
2025-03-26,ANEXO,A,12,357.0
2025-03-26,HOSPITAL DA CIDADE,A,9,246.0
2025-03-26,HOSPITAL DA CIDADE,E,2,46.0
2025-03-27,ANEXO,A,13,316.0
2025-03-27,ANEXO,E,2,38.0
2025-03-27,HOSPITAL DA CIDADE,A,7,194.0
2025-03-27,HOSPITAL DA CIDADE,E,1,20.0
2025-03-28,ANEXO,A,12,382.0
2025-03-28,ANEXO,E,1,14.0
2025-03-28,HOSPITAL DA CIDADE,A,9,235.0
2025-03-28,HOSPITAL DA CIDADE,E,1,22.0
2025-03-29,ANEXO,A,16,364.0
2025-03-29,ANEXO,E,1,24.0
2025-03-29,HOSPITAL DA CIDADE,A,11,247.0
2025-03-29,HOSPITAL DA CIDADE,E,1,20.0
2025-03-30,ANEXO,A,12,308.0
2025-03-30,ANEXO,E,1,16.0
2025-03-30,HOSPITAL DA CIDADE,A,8,164.0
2025-03-30,HOSPITAL DA CIDADE,E,1,18.0
2025-03-31,ANEXO,A,11,327.0
2025-03-31,ANEXO,E,1,22.0
2025-03-31,HOSPITAL DA CIDADE,A,8,241.0
2025-04-01,ANEXO,A,17,425.0
2025-04-01,ANEXO,E,2,40.0
2025-04-01,HOSPITAL DA CIDADE,A,13,325.0
2025-04-01,HOSPITAL DA CIDADE,E,2,40.0
2025-04-02,ANEXO,A,9,225.0
2025-04-02,ANEXO,E,1,20.0
2025-04-02,HOSPITAL DA CIDADE,A,5,125.0
2025-04-02,HOSPITAL DA CIDADE,E,1,20.0
2025-04-02,ANEXO,A3,1,15.0
2025-04-03,ANEXO,A,13,258.0
2025-04-03,ANEXO,E,1,20.0
2025-04-03,HOSPITAL DA CIDADE,A,10,241.0
2025-04-04,ANEXO,A,10,250.0
2025-04-04,ANEXO,E,1,20.0
2025-04-04,HOSPITAL DA CIDADE,A,9,225.0
2025-04-04,HOSPITAL DA CIDADE,E,2,40.0
2025-04-05,ANEXO,A,13,291.0
2025-04-05,ANEXO,B,1,25.0
2025-04-05,ANEXO,E,3,60.0
2025-04-05,HOSPITAL DA CIDADE,A,7,168.0
2025-04-06,ANEXO,A,14,298.0
2025-04-06,ANEXO,E,2,40.0
2025-04-06,HOSPITAL DA CIDADE,A,8,212.0
2025-04-06,HOSPITAL DA CIDADE,E,2,40.0
2025-04-07,ANEXO,A,12,300.0
2025-04-07,HOSPITAL DA CIDADE,A,8,200.0
2025-04-08,ANEXO,A,11,244.0
2025-04-08,ANEXO,E,2,40.0
2025-04-08,HOSPITAL DA CIDADE,A,9,190.0
2025-04-08,HOSPITAL DA CIDADE,E,1,20.0
2025-04-09,ANEXO,A,14,391.0
2025-04-09,ANEXO,E,1,20.0
2025-04-09,HOSPITAL DA CIDADE,A,9,202.0
2025-04-09,HOSPITAL DA CIDADE,E,2,40.0
2025-04-10,ANEXO,A,13,325.0
2025-04-10,ANEXO,E,1,20.0
2025-04-10,HOSPITAL DA CIDADE,A,8,200.0
2025-04-10,ANEXO,A3,1,15.0
2025-04-11,ANEXO,A,10,290.0
2025-04-11,ANEXO,E,2,40.0
2025-04-11,HOSPITAL DA CIDADE,A,8,234.0
2025-04-12,ANEXO,A,15,301.0
2025-04-12,ANEXO,E,1,20.0
2025-04-12,HOSPITAL DA CIDADE,A,7,157.0
2025-04-12,HOSPITAL DA CIDADE,E,4,80.0
2025-04-13,ANEXO,A,11,275.0
2025-04-13,ANEXO,E,1,20.0
2025-04-13,HOSPITAL DA CIDADE,A,11,275.0
2025-04-14,ANEXO,A,13,266.0
2025-04-14,ANEXO,E,1,20.0
2025-04-14,HOSPITAL DA CIDADE,A,7,171.0
2025-04-14,HOSPITAL DA CIDADE,E,1,20.0
2025-04-15,ANEXO,A,15,321.0
2025-04-15,ANEXO,E,3,60.0
2025-04-15,HOSPITAL DA CIDADE,A,9,202.0
2025-04-16,ANEXO,A,14,357.0
2025-04-16,ANEXO,E,1,20.0
2025-04-16,HOSPITAL DA CIDADE,A,8,209.0
2025-04-16,ANEXO,A3,1,15.0
2025-04-17,ANEXO,A,14,350.0
2025-04-17,HOSPITAL DA CIDADE,A,9,225.0
2025-04-18,ANEXO,A,15,340.0
2025-04-18,ANEXO,E,1,20.0
2025-04-19,ANEXO,A,13,325.0
2025-04-19,ANEXO,E,2,40.0
2025-04-19,HOSPITAL DA CIDADE,A,13,325.0
2025-04-19,HOSPITAL DA CIDADE,E,2,40.0
2025-04-20,ANEXO,A,15,346.0
2025-04-20,ANEXO,E,1,20.0
2025-04-20,HOSPITAL DA CIDADE,A,7,180.0
2025-04-20,HOSPITAL DA CIDADE,E,1,20.0
2025-04-21,ANEXO,A,13,302.0
2025-04-21,ANEXO,E,1,20.0
2025-04-21,HOSPITAL DA CIDADE,A,7,156.0
2025-04-22,ANEXO,A,16,374.0
2025-04-22,ANEXO,E,2,40.0
2025-04-22,HOSPITAL DA CIDADE,A,7,163.0
2025-04-22,HOSPITAL DA CIDADE,E,1,20.0
2025-04-23,ANEXO,A,12,289.0
2025-04-23,ANEXO,E,2,40.0
2025-04-23,HOSPITAL DA CIDADE,A,6,180.0
2025-04-23,HOSPITAL DA CIDADE,E,1,20.0
2025-04-23,ANEXO,A3,1,15.0
2025-04-24,ANEXO,A,14,287.0
2025-04-24,ANEXO,E,1,20.0
2025-04-24,HOSPITAL DA CIDADE,A,7,153.0
2025-04-24,HOSPITAL DA CIDADE,E,1,20.0
2025-04-25,ANEXO,A,14,346.0
2025-04-25,ANEXO,E,2,40.0
2025-04-25,HOSPITAL DA CIDADE,A,7,191.0
2025-04-26,ANEXO,A,16,400.0
2025-04-26,ANEXO,E,3,60.0
2025-04-26,HOSPITAL DA CIDADE,A,8,224.0
2025-04-27,ANEXO,A,16,246.0
2025-04-27,ANEXO,E,1,20.0
2025-04-27,HOSPITAL DA CIDADE,A,8,125.0
2025-04-27,HOSPITAL DA CIDADE,E,1,20.0
2025-04-28,ANEXO,A,15,375.0
2025-04-28,ANEXO,E,2,40.0
2025-04-28,HOSPITAL DA CIDADE,A,8,200.0
2025-04-28,HOSPITAL DA CIDADE,E,1,20.0
2025-04-29,ANEXO,A,13,370.0
2025-04-29,ANEXO,E,2,40.0
2025-04-29,HOSPITAL DA CIDADE,A,7,205.0
2025-04-29,HOSPITAL DA CIDADE,E,1,20.0
2025-04-30,ANEXO,A,16,400.0
2025-04-30,ANEXO,E,2,40.0
2025-04-30,HOSPITAL DA CIDADE,A,7,175.0
2025-05-01,ANEXO,A,14,340.0
2025-05-01,ANEXO,E,1,20.0
2025-05-01,HOSPITAL DA CIDADE,A,9,229.0
2025-05-01,HOSPITAL DA CIDADE,E,1,20.0
2025-05-02,ANEXO,A,14,350.0
2025-05-02,ANEXO,E,2,40.0
2025-05-02,HOSPITAL DA CIDADE,A,8,200.0
2025-05-02,HOSPITAL DA CIDADE,E,1,20.0
2025-05-03,ANEXO,A,14,350.0
2025-05-03,ANEXO,E,1,20.0
2025-05-03,HOSPITAL DA CIDADE,A,8,200.0
2025-05-04,ANEXO,A,16,400.0
2025-05-04,ANEXO,E,2,40.0
2025-05-04,HOSPITAL DA CIDADE,A,7,175.0
2025-05-04,HOSPITAL DA CIDADE,E,1,20.0
2025-05-04,ANEXO,A3,1,15.0
2025-05-05,ANEXO,A,17,425.0
2025-05-05,ANEXO,B,1,25.0
2025-05-05,ANEXO,E,1,20.0
2025-05-05,HOSPITAL DA CIDADE,A,7,175.0
2025-05-05,HOSPITAL DA CIDADE,E,1,20.0
2025-05-06,ANEXO,A,13,325.0
2025-05-06,ANEXO,E,1,20.0
2025-05-06,HOSPITAL DA CIDADE,A,7,175.0
2025-05-06,HOSPITAL DA CIDADE,E,1,20.0
2025-05-07,ANEXO,A,14,350.0
2025-05-07,ANEXO,E,1,20.0
2025-05-07,HOSPITAL DA CIDADE,A,6,150.0
2025-05-07,HOSPITAL DA CIDADE,E,1,20.0
2025-05-07,ANEXO,A3,1,15.0
2025-05-08,ANEXO,A,15,375.0
2025-05-08,ANEXO,E,3,60.0
2025-05-08,HOSPITAL DA CIDADE,A,9,225.0
2025-05-08,HOSPITAL DA CIDADE,E,1,20.0
2025-05-08,ANEXO,A3,1,15.0
2025-05-09,ANEXO,A,16,400.0
2025-05-09,HOSPITAL DA CIDADE,A,7,175.0
2025-05-09,HOSPITAL DA CIDADE,E,1,20.0
2025-05-10,ANEXO,A,17,425.0
2025-05-10,ANEXO,E,2,40.0
2025-05-10,HOSPITAL DA CIDADE,A,7,175.0
2025-05-10,HOSPITAL DA CIDADE,E,1,20.0
2025-05-11,ANEXO,A,13,325.0
2025-05-11,ANEXO,E,1,20.0
2025-05-11,HOSPITAL DA CIDADE,A,5,125.0
2025-05-12,ANEXO,A,16,400.0
2025-05-12,ANEXO,E,1,20.0
2025-05-12,HOSPITAL DA CIDADE,A,7,175.0
2025-05-12,HOSPITAL DA CIDADE,E,2,40.0
2025-05-13,ANEXO,A,14,350.0
2025-05-13,ANEXO,E,1,20.0
2025-05-13,HOSPITAL DA CIDADE,A,7,175.0
2025-05-14,ANEXO,A,15,275.0
2025-05-14,ANEXO,E,4,80.0
2025-05-14,HOSPITAL DA CIDADE,A,7,208.0
2025-05-14,HOSPITAL DA CIDADE,E,1,20.0
2025-05-15,ANEXO,A,13,325.0
2025-05-15,HOSPITAL DA CIDADE,A,6,150.0
2025-05-16,ANEXO,A,16,400.0
2025-05-16,ANEXO,E,2,40.0
2025-05-16,HOSPITAL DA CIDADE,A,8,200.0
2025-05-16,HOSPITAL DA CIDADE,E,1,20.0
2025-05-17,ANEXO,A,13,325.0
2025-05-17,ANEXO,E,2,40.0
2025-05-17,HOSPITAL DA CIDADE,A,7,175.0
2025-05-17,HOSPITAL DA CIDADE,E,1,20.0
2025-05-18,ANEXO,A,15,375.0
2025-05-18,ANEXO,E,1,20.0
2025-05-18,HOSPITAL DA CIDADE,A,7,175.0
2025-05-18,HOSPITAL DA CIDADE,E,1,20.0
2025-05-19,ANEXO,A,11,275.0
2025-05-19,ANEXO,E,2,40.0
2025-05-19,HOSPITAL DA CIDADE,A,6,158.0
2025-05-19,ANEXO,A3,1,15.0
2025-05-20,ANEXO,A,13,325.0
2025-05-20,ANEXO,E,1,20.0
2025-05-20,HOSPITAL DA CIDADE,A,7,175.0
2025-05-20,HOSPITAL DA CIDADE,E,1,20.0
2025-05-21,ANEXO,A,15,375.0
2025-05-21,ANEXO,E,2,40.0
2025-05-21,HOSPITAL DA CIDADE,A,8,200.0
2025-05-21,HOSPITAL DA CIDADE,E,1,20.0
2025-05-22,ANEXO,A,15,375.0
2025-05-22,ANEXO,E,2,40.0
2025-05-22,HOSPITAL DA CIDADE,A,7,175.0
2025-05-22,HOSPITAL DA CIDADE,E,1,20.0
2025-05-23,ANEXO,A,13,325.0
2025-05-23,ANEXO,E,1,20.0
2025-05-23,HOSPITAL DA CIDADE,A,6,150.0
2025-05-23,HOSPITAL DA CIDADE,E,1,20.0
2025-05-24,ANEXO,A,14,350.0
2025-05-24,ANEXO,E,3,60.0
2025-05-24,HOSPITAL DA CIDADE,A,6,150.0
2025-05-25,ANEXO,A,11,275.0
2025-05-25,ANEXO,E,1,20.0
2025-05-25,HOSPITAL DA CIDADE,A,8,200.0
2025-05-25,HOSPITAL DA CIDADE,E,1,20.0
2025-05-26,ANEXO,A,12,300.0
2025-05-26,ANEXO,E,1,20.0
2025-05-26,HOSPITAL DA CIDADE,A,7,175.0
2025-05-26,HOSPITAL DA CIDADE,E,1,20.0
2025-05-27,ANEXO,A,14,350.0
2025-05-27,ANEXO,E,1,20.0
2025-05-27,HOSPITAL DA CIDADE,A,6,150.0
2025-05-27,HOSPITAL DA CIDADE,E,1,20.0
2025-05-28,ANEXO,A,15,439.0
2025-05-28,ANEXO,E,1,20.0
2025-05-28,HOSPITAL DA CIDADE,A,8,283.0
2025-05-28,HOSPITAL DA CIDADE,E,2,40.0
2025-05-29,ANEXO,A,13,325.0
2025-05-29,ANEXO,E,1,20.0
2025-05-29,HOSPITAL DA CIDADE,A,7,175.0
2025-05-29,ANEXO,A3,1,15.0
2025-05-30,ANEXO,A,16,400.0
2025-05-30,ANEXO,E,1,20.0
2025-05-30,HOSPITAL DA CIDADE,A,8,200.0
2025-05-30,HOSPITAL DA CIDADE,E,1,20.0
2025-05-31,HOSPITAL DA CIDADE,A,12,300.0
2025-05-31,HOSPITAL DA CIDADE,E,1,20.0
2025-05-31,HOSPITAL DA CIDADE,A,7,175.0
2025-05-31,HOSPITAL DA CIDADE,E,1,20.0
2025-06-01,ANEXO,A,14,350.0
2025-06-01,ANEXO,E,3,60.0
2025-06-01,HOSPITAL DA CIDADE,A,7,175.0
2025-06-01,HOSPITAL DA CIDADE,E,1,20.0
2025-06-02,ANEXO,A,15,375.0
2025-06-02,ANEXO,E,1,20.0
2025-06-02,HOSPITAL DA CIDADE,A,7,175.0
2025-06-03,ANEXO,A,14,375.0
2025-06-03,ANEXO,E,1,20.0
2025-06-03,HOSPITAL DA CIDADE,A,7,248.0
2025-06-03,HOSPITAL DA CIDADE,E,1,20.0
2025-06-04,ANEXO,A,15,452.0
2025-06-04,ANEXO,E,3,60.0
2025-06-04,HOSPITAL DA CIDADE,A,6,175.0
2025-06-05,ANEXO,A,16,504.0
2025-06-05,ANEXO,E,1,20.0
2025-06-05,HOSPITAL DA CIDADE,A,7,194.0
2025-06-05,HOSPITAL DA CIDADE,E,1,20.0
2025-06-06,ANEXO,A,15,463.0
2025-06-06,ANEXO,E,2,40.0
2025-06-06,HOSPITAL DA CIDADE,A,6,205.0
2025-06-06,HOSPITAL DA CIDADE,E,1,20.0
2025-06-07,ANEXO,A,17,381.0
2025-06-07,HOSPITAL DA CIDADE,A,8,194.0
2025-06-08,ANEXO,A,14,350.0
2025-06-08,ANEXO,E,2,40.0
2025-06-08,HOSPITAL DA CIDADE,A,8,200.0
2025-06-08,HOSPITAL DA CIDADE,E,1,20.0
2025-06-09,ANEXO,A,14,350.0
2025-06-09,ANEXO,E,1,20.0
2025-06-09,HOSPITAL DA CIDADE,A,6,150.0
2025-06-10,ANEXO,A,15,460.0
2025-06-10,ANEXO,E,2,40.0
2025-06-10,HOSPITAL DA CIDADE,A,8,203.0
2025-06-10,HOSPITAL DA CIDADE,E,1,20.0
2025-06-11,ANEXO,A,16,400.0
2025-06-11,ANEXO,E,2,40.0
2025-06-11,HOSPITAL DA CIDADE,A,6,150.0
2025-06-11,HOSPITAL DA CIDADE,E,2,40.0
2025-06-11,ANEXO,A3,1,15.0
2025-06-12,ANEXO,A,13,382.0
2025-06-12,ANEXO,E,1,20.0
2025-06-12,HOSPITAL DA CIDADE,A,7,157.0
2025-06-13,ANEXO,A,17,461.0
2025-06-13,ANEXO,E,1,20.0
2025-06-13,HOSPITAL DA CIDADE,A,6,177.0
2025-06-14,ANEXO,A,14,375.0
2025-06-14,HOSPITAL DA CIDADE,A,7,196.0
2025-06-14,HOSPITAL DA CIDADE,E,1,20.0
2025-06-15,ANEXO,A,10,250.0
2025-06-15,ANEXO,E,3,60.0
2025-06-15,HOSPITAL DA CIDADE,A,6,150.0
2025-06-15,HOSPITAL DA CIDADE,E,1,20.0
2025-06-16,ANEXO,A,17,475.0
2025-06-16,ANEXO,E,2,40.0
2025-06-16,HOSPITAL DA CIDADE,A,7,195.0
2025-06-17,ANEXO,A,14,365.0
2025-06-17,ANEXO,E,1,20.0
2025-06-17,HOSPITAL DA CIDADE,A,6,167.0
2025-06-17,HOSPITAL DA CIDADE,E,1,20.0
2025-06-18,ANEXO,A,12,378.0
2025-06-18,ANEXO,E,1,20.0
2025-06-18,HOSPITAL DA CIDADE,A,9,274.0
2025-06-18,HOSPITAL DA CIDADE,E,2,40.0
2025-06-19,ANEXO,A,13,398.0
2025-06-19,ANEXO,E,1,20.0
2025-06-19,HOSPITAL DA CIDADE,A,7,271.0
2025-06-19,HOSPITAL DA CIDADE,E,1,20.0
2025-06-20,ANEXO,A,15,446.0
2025-06-20,ANEXO,E,2,40.0
2025-06-20,HOSPITAL DA CIDADE,A,8,186.0
2025-06-21,ANEXO,A,13,361.0
2025-06-21,ANEXO,E,2,40.0
2025-06-21,HOSPITAL DA CIDADE,A,6,181.0
2025-06-21,HOSPITAL DA CIDADE,E,1,20.0
2025-06-22,ANEXO,A,13,404.0
2025-06-22,ANEXO,E,1,20.0
2025-06-22,HOSPITAL DA CIDADE,A,8,238.0
2025-06-22,HOSPITAL DA CIDADE,E,1,20.0
2025-06-23,ANEXO,A,17,283.0
2025-06-23,ANEXO,E,1,20.0
2025-06-23,HOSPITAL DA CIDADE,A,7,168.0
2025-06-23,HOSPITAL DA CIDADE,E,1,20.0
2025-06-24,ANEXO,A,20,500.0
2025-06-24,ANEXO,E,6,60.0
2025-06-24,HOSPITAL DA CIDADE,A,9,225.0
2025-06-24,HOSPITAL DA CIDADE,E,1,20.0
2025-06-25,ANEXO,A,8,178.0
2025-06-25,HOSPITAL DA CIDADE,A,6,143.0
2025-06-25,HOSPITAL DA CIDADE,E,1,20.0
2025-06-26,ANEXO,A,13,293.0
2025-06-26,ANEXO,E,1,20.0
2025-06-26,HOSPITAL DA CIDADE,A,6,147.0
2025-06-27,ANEXO,A,16,421.0
2025-06-27,ANEXO,E,1,20.0
2025-06-27,HOSPITAL DA CIDADE,A,6,150.0
2025-06-27,HOSPITAL DA CIDADE,E,1,20.0
2025-06-28,ANEXO,A,13,325.0
2025-06-28,ANEXO,E,2,40.0
2025-06-28,HOSPITAL DA CIDADE,A,7,175.0
2025-06-28,HOSPITAL DA CIDADE,E,2,40.0
2025-06-29,ANEXO,A,16,325.0
2025-06-29,HOSPITAL DA CIDADE,A,7,210.0
2025-06-30,ANEXO,A,12,300.0
2025-06-30,ANEXO,B,1,25.0
2025-06-30,ANEXO,E,2,40.0
2025-06-30,HOSPITAL DA CIDADE,A,6,168.0
2025-06-30,HOSPITAL DA CIDADE,E,1,20.0
2025-07-01,ANEXO,A,13,315.0
2025-07-01,ANEXO,E,1,20.0
2025-07-01,HOSPITAL DA CIDADE,A,6,128.0
2025-07-01,HOSPITAL DA CIDADE,E,1,20.0
2025-07-02,ANEXO,A,17,385.0
2025-07-02,ANEXO,E,2,40.0
2025-07-02,HOSPITAL DA CIDADE,A,8,194.0
2025-07-02,HOSPITAL DA CIDADE,E,1,20.0
2025-07-03,ANEXO,A,10,194.0
2025-07-03,ANEXO,E,1,20.0
2025-07-03,HOSPITAL DA CIDADE,A,5,142.0
2025-07-04,ANEXO,A,15,297.0
2025-07-04,ANEXO,E,2,40.0
2025-07-04,HOSPITAL DA CIDADE,A,5,115.0
2025-07-05,ANEXO,A,14,314.0
2025-07-05,ANEXO,E,1,20.0
2025-07-05,HOSPITAL DA CIDADE,A,7,179.0
2025-07-05,HOSPITAL DA CIDADE,E,2,40.0
2025-07-06,ANEXO,A,13,354.0
2025-07-06,ANEXO,E,1,20.0
2025-07-06,HOSPITAL DA CIDADE,A,7,163.0
2025-07-06,HOSPITAL DA CIDADE,E,1,20.0
2025-07-07,ANEXO,A,15,377.0
2025-07-07,ANEXO,E,2,40.0
2025-07-07,HOSPITAL DA CIDADE,A,9,228.0
2025-07-07,HOSPITAL DA CIDADE,E,1,20.0
2025-07-08,ANEXO,A,13,299.0
2025-07-08,HOSPITAL DA CIDADE,A,4,61.0
2025-07-09,ANEXO,A,14,381.0
2025-07-09,ANEXO,A3,1,15.0
2025-07-09,ANEXO,E,2,40.0
2025-07-09,HOSPITAL DA CIDADE,A,8,176.0
2025-07-09,HOSPITAL DA CIDADE,E,1,20.0
2025-07-10,ANEXO,A,13,288.0
2025-07-10,ANEXO,A3,1,15.0
2025-07-10,ANEXO,E,2,40.0
2025-07-10,HOSPITAL DA CIDADE,A,6,152.0
2025-07-11,ANEXO,A,13,386.0
2025-07-11,ANEXO,E,2,40.0
2025-07-11,HOSPITAL DA CIDADE,A,8,216.0
2025-07-11,HOSPITAL DA CIDADE,E,1,20.0
2025-07-12,ANEXO,A,11,407.0
2025-07-12,ANEXO,E,1,20.0
2025-07-12,HOSPITAL DA CIDADE,A,5,182.0
2025-07-12,HOSPITAL DA CIDADE,E,1,20.0
2025-07-13,ANEXO,A,11,307.0
2025-07-13,ANEXO,E,2,29.0
2025-07-13,HOSPITAL DA CIDADE,A,6,156.0
2025-07-13,HOSPITAL DA CIDADE,E,1,20.0
2025-07-14,ANEXO,A,19,488.0
2025-07-14,ANEXO,E,2,31.0
2025-07-14,HOSPITAL DA CIDADE,A,9,223.0
2025-07-14,HOSPITAL DA CIDADE,E,1,21.0
2025-07-15,ANEXO,A,10,216.0
2025-07-15,ANEXO,E,2,29.0
2025-07-15,HOSPITAL DA CIDADE,A,4,106.0
2025-07-15,HOSPITAL DA CIDADE,E,1,15.0
2025-07-16,ANEXO,A,13,339.0
2025-07-16,ANEXO,A3,1,15.0
2025-07-16,ANEXO,E,2,25.0
2025-07-16,HOSPITAL DA CIDADE,A,6,158.0
2025-07-17,ANEXO,A,13,325.0
2025-07-17,ANEXO,E,1,20.0
2025-07-17,HOSPITAL DA CIDADE,A,6,159.0
2025-07-17,HOSPITAL DA CIDADE,E,1,17.0
2025-07-18,ANEXO,A,12,316.0
2025-07-18,ANEXO,E,1,21.0
2025-07-18,HOSPITAL DA CIDADE,A,7,162.0
2025-07-18,HOSPITAL DA CIDADE,E,1,20.0
2025-07-19,ANEXO,A,13,329.0
2025-07-19,ANEXO,E,1,20.0
2025-07-19,HOSPITAL DA CIDADE,A,6,150.0
2025-07-19,HOSPITAL DA CIDADE,E,1,20.0
2025-07-20,ANEXO,A,13,352.0
2025-07-20,ANEXO,E,2,46.0
2025-07-20,HOSPITAL DA CIDADE,A,7,181.0
2025-07-20,HOSPITAL DA CIDADE,E,1,12.0
2025-07-21,ANEXO,A,16,366.0
2025-07-21,ANEXO,E,3,51.0
2025-07-21,HOSPITAL DA CIDADE,A,8,232.0
2025-07-21,HOSPITAL DA CIDADE,E,1,22.0
2025-07-22,ANEXO,A,11,311.0
2025-07-22,ANEXO,E,1,21.0
2025-07-22,HOSPITAL DA CIDADE,A,4,113.0
2025-07-23,ANEXO,A,15,407.0
2025-07-23,ANEXO,E,1,21.0
2025-07-23,HOSPITAL DA CIDADE,A,6,224.0
2025-07-24,ANEXO,A,15,468.0
2025-07-24,ANEXO,E,1,20.0
2025-07-24,HOSPITAL DA CIDADE,A,6,191.0
2025-07-24,HOSPITAL DA CIDADE,E,1,25.0
2025-07-25,ANEXO,A,14,410.0
2025-07-25,ANEXO,E,3,45.0
2025-07-25,HOSPITAL DA CIDADE,A,7,242.0
2025-07-25,HOSPITAL DA CIDADE,E,2,45.0
2025-07-26,ANEXO,A,15,434.0
2025-07-26,HOSPITAL DA CIDADE,A,5,150.0
2025-07-27,ANEXO,A,12,301.0
2025-07-27,ANEXO,E,1,17.0
2025-07-27,HOSPITAL DA CIDADE,A,7,144.0
2025-07-28,ANEXO,A,15,461.0
2025-07-28,ANEXO,E,1,23.0
2025-07-28,HOSPITAL DA CIDADE,A,6,201.0
2025-07-28,HOSPITAL DA CIDADE,E,1,22.0
2025-07-29,ANEXO,A,13,469.0
2025-07-29,ANEXO,E,2,40.0
2025-07-29,HOSPITAL DA CIDADE,A,5,161.0
2025-07-29,HOSPITAL DA CIDADE,E,1,30.0
2025-07-30,ANEXO,A,12,408.0
2025-07-30,ANEXO,A3,1,15.0
2025-07-30,ANEXO,E,1,20.0
2025-07-30,HOSPITAL DA CIDADE,A,7,237.0
2025-07-31,ANEXO,A,12,324.0
2025-07-31,ANEXO,B,1,25.0
2025-07-31,HOSPITAL DA CIDADE,A,6,196.0
2025-07-31,HOSPITAL DA CIDADE,E,1,22.0
2025-08-01,ANEXO,A,14,422.0
2025-08-01,ANEXO,E,2,41.0
2025-08-01,HOSPITAL DA CIDADE,A,6,183.0
2025-08-01,HOSPITAL DA CIDADE,E,1,20.0
2025-08-02,ANEXO,A,14,316.0
2025-08-02,ANEXO,E,1,20.0
2025-08-02,HOSPITAL DA CIDADE,A,7,118.0
2025-08-03,ANEXO,A,15,464.0
2025-08-03,ANEXO,E,2,44.0
2025-08-03,HOSPITAL DA CIDADE,A,6,156.0
2025-08-04,ANEXO,A,14,325.0
2025-08-04,ANEXO,A3,1,30.0
2025-08-04,ANEXO,E,1,15.0
2025-08-04,HOSPITAL DA CIDADE,A,6,183.0
2025-08-04,HOSPITAL DA CIDADE,E,2,44.0
2025-08-05,ANEXO,A,12,294.0
2025-08-05,ANEXO,E,2,22.0
2025-08-05,HOSPITAL DA CIDADE,A,5,164.0
2025-08-06,ANEXO,A,17,501.0
2025-08-06,ANEXO,E,1,22.0
2025-08-06,HOSPITAL DA CIDADE,A,9,290.0
2025-08-07,ANEXO,A,10,349.0
2025-08-07,ANEXO,E,1,22.0
2025-08-07,HOSPITAL DA CIDADE,A,3,92.0
2025-08-07,HOSPITAL DA CIDADE,E,1,22.0
2025-08-08,ANEXO,A,17,514.0
2025-08-08,ANEXO,E,2,43.0
2025-08-08,HOSPITAL DA CIDADE,A,7,209.0
2025-08-08,HOSPITAL DA CIDADE,E,1,22.0
2025-08-09,ANEXO,A,10,506.0
2025-08-09,ANEXO,E,1,20.0
2025-08-09,HOSPITAL DA CIDADE,A,3,85.0
2025-08-10,ANEXO,A,15,375.0
2025-08-10,ANEXO,E,2,40.0
2025-08-10,HOSPITAL DA CIDADE,A,5,125.0
2025-08-10,HOSPITAL DA CIDADE,E,1,20.0
2025-08-11,ANEXO,A,11,394.0
2025-08-11,ANEXO,E,1,21.0
2025-08-11,HOSPITAL DA CIDADE,A,7,242.0
2025-08-11,HOSPITAL DA CIDADE,E,1,21.0
2025-08-12,ANEXO,A,14,457.0
2025-08-12,ANEXO,E,2,44.0
2025-08-12,HOSPITAL DA CIDADE,A,5,173.0
2025-08-12,HOSPITAL DA CIDADE,E,1,22.0
2025-08-13,ANEXO,A,14,413.0
2025-08-13,ANEXO,E,2,42.0
2025-08-13,HOSPITAL DA CIDADE,A,9,298.0
2025-08-13,HOSPITAL DA CIDADE,E,1,20.0
2025-08-14,ANEXO,A,11,342.0
2025-08-14,HOSPITAL DA CIDADE,A,6,205.0
2025-08-15,ANEXO,A,15,440.0
2025-08-15,ANEXO,E,3,66.0
2025-08-15,HOSPITAL DA CIDADE,A,7,220.0
2025-08-15,HOSPITAL DA CIDADE,B,2,64.0
2025-08-16,ANEXO,A,13,360.0
2025-08-16,ANEXO,E,1,22.0
2025-08-16,HOSPITAL DA CIDADE,A,7,226.0
2025-08-16,HOSPITAL DA CIDADE,E,2,44.0
2025-08-17,ANEXO,A,14,465.0
2025-08-17,ANEXO,E,1,17.0
2025-08-17,HOSPITAL DA CIDADE,A,6,140.0
2025-08-18,ANEXO,A,15,353.0
2025-08-18,ANEXO,E,2,42.0
2025-08-18,HOSPITAL DA CIDADE,A,6,175.0
2025-08-18,HOSPITAL DA CIDADE,E,1,22.0
2025-08-19,ANEXO,A,15,448.0
2025-08-19,ANEXO,E,2,55.0
2025-08-19,HOSPITAL DA CIDADE,A,6,199.0
2025-08-19,HOSPITAL DA CIDADE,E,1,24.0
2025-08-20,ANEXO,A,14,408.0
2025-08-20,ANEXO,E,1,21.0
2025-08-20,HOSPITAL DA CIDADE,A,9,290.0
2025-08-20,HOSPITAL DA CIDADE,E,1,21.0
2025-08-21,ANEXO,A,15,419.0
2025-08-21,ANEXO,B,1,10.0
2025-08-21,ANEXO,E,3,63.0
2025-08-21,HOSPITAL DA CIDADE,A,6,177.0
2025-08-22,ANEXO,A,15,493.0
2025-08-22,ANEXO,E,1,22.0
2025-08-22,HOSPITAL DA CIDADE,A,7,241.0
2025-08-22,HOSPITAL DA CIDADE,E,2,46.0
2025-08-23,ANEXO,A,13,379.0
2025-08-23,ANEXO,E,2,41.0
2025-08-23,HOSPITAL DA CIDADE,A,6,193.0
2025-08-24,ANEXO,A,15,396.0
2025-08-24,ANEXO,E,1,24.0
2025-08-24,HOSPITAL DA CIDADE,A,6,215.0
2025-08-24,HOSPITAL DA CIDADE,E,2,46.0
2025-08-25,ANEXO,A,16,482.0
2025-08-25,ANEXO,E,1,22.0
2025-08-25,HOSPITAL DA CIDADE,A,7,271.0
2025-08-26,ANEXO,A,9,258.0
2025-08-26,ANEXO,E,2,40.0
2025-08-26,HOSPITAL DA CIDADE,A,5,172.0
2025-08-26,HOSPITAL DA CIDADE,E,1,25.0
2025-08-27,ANEXO,A,13,481.0
2025-08-27,HOSPITAL DA CIDADE,A,8,230.0
2025-08-27,HOSPITAL DA CIDADE,E,1,17.0
2025-08-28,ANEXO,A,16,426.0
2025-08-28,ANEXO,A3,1,15.0
2025-08-28,ANEXO,E,2,42.0
2025-08-28,HOSPITAL DA CIDADE,A,5,161.0
2025-08-28,HOSPITAL DA CIDADE,E,1,22.0
2025-08-29,ANEXO,A,12,376.0
2025-08-29,ANEXO,B,1,32.0
2025-08-29,ANEXO,E,1,20.0
2025-08-29,HOSPITAL DA CIDADE,A,7,220.0
2025-08-30,ANEXO,A,15,351.0
2025-08-30,ANEXO,E,1,22.0
2025-08-30,HOSPITAL DA CIDADE,A,6,214.0
2025-08-30,HOSPITAL DA CIDADE,E,1,27.0
2025-08-31,ANEXO,A,10,289.0
2025-08-31,ANEXO,E,2,41.0
2025-08-31,HOSPITAL DA CIDADE,A,7,185.0
2025-08-31,HOSPITAL DA CIDADE,E,1,23.0
2025-09-01,ANEXO,A,12,389.0
2025-09-01,ANEXO,E,1,22.0
2025-09-01,HOSPITAL DA CIDADE,A,5,165.0
2025-09-01,HOSPITAL DA CIDADE,E,1,23.0
2025-09-02,ANEXO,A,14,490.0
2025-09-02,ANEXO,E,1,22.0
2025-09-02,HOSPITAL DA CIDADE,A,7,212.0
2025-09-02,HOSPITAL DA CIDADE,E,1,24.0
2025-09-03,ANEXO,A,15,383.0
2025-09-03,ANEXO,A3,1,15.0
2025-09-03,ANEXO,E,2,45.0
2025-09-03,HOSPITAL DA CIDADE,A,7,238.0
2025-09-03,HOSPITAL DA CIDADE,E,1,22.0
2025-09-04,ANEXO,A,12,334.0
2025-09-04,ANEXO,B,1,28.0
2025-09-04,ANEXO,E,2,42.0
2025-09-04,HOSPITAL DA CIDADE,A,7,225.0
2025-09-04,HOSPITAL DA CIDADE,E,1,23.0
2025-09-05,ANEXO,A,13,366.0
2025-09-05,ANEXO,E,1,22.0
2025-09-05,HOSPITAL DA CIDADE,A,7,234.0
2025-09-06,ANEXO,A,10,339.0
2025-09-06,ANEXO,E,1,22.0
2025-09-06,HOSPITAL DA CIDADE,A,7,202.0
2025-09-06,HOSPITAL DA CIDADE,E,1,28.0
2025-09-07,ANEXO,A,15,197.0
2025-09-07,ANEXO,A3,1,15.0
2025-09-07,ANEXO,E,1,10.0
2025-09-07,HOSPITAL DA CIDADE,A,6,129.0
2025-09-07,HOSPITAL DA CIDADE,E,2,30.0
2025-09-08,ANEXO,A,13,343.0
2025-09-08,ANEXO,E,1,22.0
2025-09-08,HOSPITAL DA CIDADE,A,5,130.0
2025-09-09,ANEXO,A,14,385.0
2025-09-09,ANEXO,E,2,46.0
2025-09-09,HOSPITAL DA CIDADE,A,5,218.0
2025-09-09,HOSPITAL DA CIDADE,E,1,28.0
2025-09-10,ANEXO,A,11,360.0
2025-09-10,ANEXO,E,2,43.0
2025-09-10,HOSPITAL DA CIDADE,A,7,200.0
2025-09-10,HOSPITAL DA CIDADE,E,1,20.0
2025-09-11,ANEXO,A,13,365.0
2025-09-11,ANEXO,A3,1,15.0
2025-09-11,HOSPITAL DA CIDADE,A,8,254.0
2025-09-11,HOSPITAL DA CIDADE,E,1,20.0
2025-09-12,ANEXO,A,9,263.0
2025-09-12,ANEXO,A3,1,15.0
2025-09-12,ANEXO,E,3,67.0
2025-09-12,HOSPITAL DA CIDADE,A,12,333.0
2025-09-12,HOSPITAL DA CIDADE,E,1,22.0
2025-09-13,ANEXO,A,8,231.0
2025-09-13,ANEXO,E,1,20.0
2025-09-13,HOSPITAL DA CIDADE,A,12,476.0
2025-09-14,ANEXO,A,4,79.0
2025-09-14,ANEXO,E,2,43.0
2025-09-14,HOSPITAL DA CIDADE,A,8,224.0
2025-09-14,HOSPITAL DA CIDADE,E,2,43.0
2025-09-15,ANEXO,A,9,251.0
2025-09-15,ANEXO,E,1,22.0
2025-09-15,HOSPITAL DA CIDADE,A,15,472.0
2025-09-15,HOSPITAL DA CIDADE,E,1,22.0
2025-09-16,ANEXO,A,10,297.0
2025-09-16,ANEXO,E,1,21.0
2025-09-16,HOSPITAL DA CIDADE,A,15,492.0
2025-09-16,HOSPITAL DA CIDADE,E,1,29.0
2025-09-17,ANEXO,A,6,155.0
2025-09-17,HOSPITAL DA CIDADE,A,12,349.0
2025-09-17,HOSPITAL DA CIDADE,B,2,60.0
2025-09-17,HOSPITAL DA CIDADE,E,3,67.0
2025-09-18,ANEXO,A,7,209.0
2025-09-18,HOSPITAL DA CIDADE,A,16,462.0
2025-09-18,HOSPITAL DA CIDADE,E,2,44.0
2025-09-19,ANEXO,A,6,137.0
2025-09-19,ANEXO,E,2,49.0
2025-09-19,HOSPITAL DA CIDADE,A,14,428.0
2025-09-19,HOSPITAL DA CIDADE,A3,1,15.0
2025-09-19,HOSPITAL DA CIDADE,B,1,40.0
2025-09-20,ANEXO,A,7,170.0
2025-09-20,ANEXO,E,1,21.0
2025-09-20,HOSPITAL DA CIDADE,A,14,463.0
2025-09-20,HOSPITAL DA CIDADE,E,3,64.0
2025-09-21,ANEXO,A,9,191.0
2025-09-21,HOSPITAL DA CIDADE,A,15,398.0
2025-09-22,ANEXO,A,7,185.0
2025-09-22,ANEXO,E,1,21.0
2025-09-22,HOSPITAL DA CIDADE,A,14,381.0
2025-09-22,HOSPITAL DA CIDADE,E,4,85.0
2025-09-23,ANEXO,A,7,169.0
2025-09-23,ANEXO,E,1,22.0
2025-09-23,HOSPITAL DA CIDADE,A,14,474.0
2025-09-23,HOSPITAL DA CIDADE,E,1,22.0
2025-09-24,ANEXO,A,10,271.0
2025-09-24,ANEXO,E,1,22.0
2025-09-24,HOSPITAL DA CIDADE,A,16,522.0
2025-09-24,HOSPITAL DA CIDADE,E,1,23.0
2025-09-25,ANEXO,A,6,152.0
2025-09-25,HOSPITAL DA CIDADE,A,13,389.0
2025-09-25,HOSPITAL DA CIDADE,B,1,52.0
2025-09-25,HOSPITAL DA CIDADE,E,2,42.0
2025-09-26,ANEXO,A,7,291.0
2025-09-26,ANEXO,E,1,22.0
2025-09-26,HOSPITAL DA CIDADE,A,16,507.0
2025-09-26,HOSPITAL DA CIDADE,E,1,22.0
2025-09-27,ANEXO,A,6,184.0
2025-09-27,ANEXO,E,1,20.0
2025-09-27,HOSPITAL DA CIDADE,A,16,428.0
2025-09-27,HOSPITAL DA CIDADE,E,2,43.0
2025-09-28,ANEXO,A,7,155.0
2025-09-28,HOSPITAL DA CIDADE,A,15,370.0
2025-09-28,HOSPITAL DA CIDADE,E,3,49.0
2025-09-29,ANEXO,A,1,32.0
2025-09-29,HOSPITAL DA CIDADE,A,15,370.0
2025-09-29,HOSPITAL DA CIDADE,B,1,15.0
2025-09-29,HOSPITAL DA CIDADE,E,1,21.0
2025-09-30,ANEXO,A,7,159.0
2025-09-30,ANEXO,E,1,21.0
2025-09-30,HOSPITAL DA CIDADE,A,17,524.0
2025-09-30,HOSPITAL DA CIDADE,E,2,43.0
2025-10-01,ANEXO,A,6,142.0
2025-10-01,ANEXO,A3,1,15.0
2025-10-01,ANEXO,E,1,21.0
2025-10-01,HOSPITAL DA CIDADE,A,19,461.0
2025-10-01,HOSPITAL DA CIDADE,A3,1,15.0
2025-10-01,HOSPITAL DA CIDADE,B,1,20.0
2025-10-01,HOSPITAL DA CIDADE,E,2,44.0
2025-10-02,ANEXO,A,8,236.0
2025-10-02,HOSPITAL DA CIDADE,A,18,504.0
2025-10-02,HOSPITAL DA CIDADE,B,1,22.0
2025-10-02,HOSPITAL DA CIDADE,E,1,22.0
2025-10-03,ANEXO,A,6,150.0
2025-10-03,HOSPITAL DA CIDADE,A,23,575.0
2025-10-03,HOSPITAL DA CIDADE,E,1,20.0
2025-10-04,ANEXO,A,9,244.0
2025-10-04,HOSPITAL DA CIDADE,A,10,265.0
2025-10-04,HOSPITAL DA CIDADE,E,2,44.0
2025-10-05,ANEXO,A,7,175.0
2025-10-05,ANEXO,E,2,40.0
2025-10-05,HOSPITAL DA CIDADE,A,17,425.0
2025-10-05,HOSPITAL DA CIDADE,E,2,40.0
2025-10-06,ANEXO,A,9,225.0
2025-10-06,ANEXO,E,1,22.0
2025-10-06,HOSPITAL DA CIDADE,A,18,452.0
2025-10-06,HOSPITAL DA CIDADE,E,1,22.0
2025-10-07,ANEXO,A,7,175.0
2025-10-07,HOSPITAL DA CIDADE,A,15,375.0
2025-10-07,HOSPITAL DA CIDADE,A3,1,15.0
2025-10-07,HOSPITAL DA CIDADE,B,1,45.0
2025-10-07,HOSPITAL DA CIDADE,E,2,40.0
2025-10-08,ANEXO,A,9,225.0
2025-10-08,ANEXO,E,1,20.0
2025-10-08,HOSPITAL DA CIDADE,A,16,400.0
2025-10-08,HOSPITAL DA CIDADE,E,1,20.0
2025-10-09,ANEXO,A,10,224.0
2025-10-09,ANEXO,E,1,21.0
2025-10-09,HOSPITAL DA CIDADE,A,23,454.0
2025-10-09,HOSPITAL DA CIDADE,B,1,15.0
2025-10-10,ANEXO,A,7,164.0
2025-10-10,HOSPITAL DA CIDADE,A,12,259.0
2025-10-10,HOSPITAL DA CIDADE,E,1,21.0
2025-10-11,ANEXO,A,9,263.0
2025-10-11,ANEXO,E,1,21.0
2025-10-11,HOSPITAL DA CIDADE,A,17,430.0
2025-10-11,HOSPITAL DA CIDADE,B,1,11.0
2025-10-11,HOSPITAL DA CIDADE,E,1,23.0
2025-10-12,ANEXO,A,9,131.0
2025-10-12,ANEXO,E,1,20.0
2025-10-12,HOSPITAL DA CIDADE,A,16,266.0
2025-10-12,HOSPITAL DA CIDADE,E,1,20.0
2025-10-13,ANEXO,A,9,204.0
2025-10-13,HOSPITAL DA CIDADE,A,16,392.0
2025-10-13,HOSPITAL DA CIDADE,E,2,40.0
2025-10-14,ANEXO,A,9,432.0
2025-10-14,HOSPITAL DA CIDADE,A,15,457.0
2025-10-14,HOSPITAL DA CIDADE,B,1,50.0
2025-10-14,HOSPITAL DA CIDADE,E,2,40.0
2025-10-15,ANEXO,A,12,307.0
2025-10-15,HOSPITAL DA CIDADE,A,17,513.0
2025-10-15,HOSPITAL DA CIDADE,B,1,27.0
2025-10-15,HOSPITAL DA CIDADE,E,2,41.0
2025-10-16,ANEXO,A,7,164.0
2025-10-16,ANEXO,E,5,99.0
2025-10-16,HOSPITAL DA CIDADE,A,13,394.0
2025-10-16,HOSPITAL DA CIDADE,E,1,32.0
2025-10-17,ANEXO,A,6,156.0
2025-10-17,HOSPITAL DA CIDADE,A,16,487.0
2025-10-17,HOSPITAL DA CIDADE,B,1,18.0
2025-10-17,HOSPITAL DA CIDADE,E,1,20.0
2025-10-18,ANEXO,A,8,194.0
2025-10-18,ANEXO,E,1,20.0
2025-10-18,HOSPITAL DA CIDADE,A,19,552.0
2025-10-18,HOSPITAL DA CIDADE,E,2,38.0
2025-10-19,ANEXO,A,6,165.0
2025-10-19,HOSPITAL DA CIDADE,A,18,548.0
2025-10-19,HOSPITAL DA CIDADE,B,1,15.0
2025-10-19,HOSPITAL DA CIDADE,E,2,44.0
2025-10-20,ANEXO,A,8,207.0
2025-10-20,HOSPITAL DA CIDADE,A,17,476.0
2025-10-20,HOSPITAL DA CIDADE,E,2,41.0
2025-10-21,ANEXO,A,4,107.0
2025-10-21,ANEXO,E,1,20.0
2025-10-21,HOSPITAL DA CIDADE,A,20,603.0
2025-10-21,HOSPITAL DA CIDADE,B,1,35.0
2025-10-21,HOSPITAL DA CIDADE,E,2,46.0
2025-10-22,ANEXO,A,7,205.0
2025-10-22,ANEXO,E,1,22.0
2025-10-22,HOSPITAL DA CIDADE,A,19,563.0
2025-10-22,HOSPITAL DA CIDADE,A3,1,15.0
2025-10-22,HOSPITAL DA CIDADE,E,2,49.0
2025-10-23,ANEXO,A,6,189.0
2025-10-23,HOSPITAL DA CIDADE,A,19,513.0
2025-10-23,HOSPITAL DA CIDADE,E,2,45.0
2025-10-24,ANEXO,A,6,188.0
2025-10-24,ANEXO,E,1,23.0
2025-10-24,HOSPITAL DA CIDADE,A,20,617.0
2025-10-24,HOSPITAL DA CIDADE,E,1,25.0
2025-10-25,ANEXO,A,8,229.0
2025-10-25,HOSPITAL DA CIDADE,A,23,648.0
2025-10-25,HOSPITAL DA CIDADE,B,1,20.0
2025-10-25,HOSPITAL DA CIDADE,E,2,41.0
2025-10-26,ANEXO,A,5,157.0
2025-10-26,ANEXO,E,1,24.0
2025-10-26,HOSPITAL DA CIDADE,A,18,538.0
2025-10-26,HOSPITAL DA CIDADE,E,2,52.0
2025-10-27,ANEXO,A,7,197.0
2025-10-27,HOSPITAL DA CIDADE,A,17,461.0
2025-10-27,HOSPITAL DA CIDADE,E,1,22.0
2025-10-28,ANEXO,A,6,171.0
2025-10-28,ANEXO,E,1,22.0
2025-10-28,HOSPITAL DA CIDADE,A,19,571.0
2025-10-28,HOSPITAL DA CIDADE,E,1,26.0
2025-10-29,ANEXO,A,6,127.0
2025-10-29,HOSPITAL DA CIDADE,A,20,595.0
2025-10-29,HOSPITAL DA CIDADE,B,1,50.0
2025-10-29,HOSPITAL DA CIDADE,E,1,21.0
2025-10-30,ANEXO,A,7,217.0
2025-10-30,ANEXO,E,1,29.0
2025-10-30,HOSPITAL DA CIDADE,A,17,621.0
2025-10-30,HOSPITAL DA CIDADE,E,2,44.0
2025-11-01,ANEXO,A,7,175.0
2025-11-01,HOSPITAL DA CIDADE,A,18,450.0
2025-11-02,ANEXO,A,8,182.0
2025-11-02,ANEXO,E,1,21.0
2025-11-02,HOSPITAL DA CIDADE,A,19,457.0
2025-11-02,HOSPITAL DA CIDADE,E,3,64.0
2025-11-03,ANEXO,A,7,189.0
2025-11-03,HOSPITAL DA CIDADE,A,22,610.0
2025-11-04,ANEXO,A,7,218.0
2025-11-04,HOSPITAL DA CIDADE,A,19,556.0
2025-11-04,HOSPITAL DA CIDADE,B,2,40.0
2025-11-04,HOSPITAL DA CIDADE,E,3,66.0
2025-11-05,ANEXO,A,7,189.0
2025-11-05,ANEXO,E,2,41.0
2025-11-05,HOSPITAL DA CIDADE,A,18,543.0
2025-11-05,HOSPITAL DA CIDADE,E,1,22.0
2025-11-06,ANEXO,A,7,241.0
2025-11-06,HOSPITAL DA CIDADE,A,18,547.0
2025-11-06,HOSPITAL DA CIDADE,B,1,20.0
2025-11-06,HOSPITAL DA CIDADE,E,1,30.0
2025-11-07,ANEXO,A,7,175.0
2025-11-07,ANEXO,E,1,25.0
2025-11-07,HOSPITAL DA CIDADE,A,17,425.0
2025-11-07,HOSPITAL DA CIDADE,E,3,75.0
2025-11-08,ANEXO,A,7,194.0
2025-11-08,HOSPITAL DA CIDADE,A,18,542.0
2025-11-08,HOSPITAL DA CIDADE,B,1,20.0
2025-11-08,HOSPITAL DA CIDADE,E,1,20.0
2025-11-09,ANEXO,A,6,150.0
2025-11-09,ANEXO,E,1,25.0
2025-11-09,HOSPITAL DA CIDADE,A,17,425.0
2025-11-09,HOSPITAL DA CIDADE,E,1,25.0
2025-11-10,ANEXO,A,7,185.0
2025-11-10,HOSPITAL DA CIDADE,A,16,467.0
2025-11-10,HOSPITAL DA CIDADE,E,2,46.0
2025-11-11,ANEXO,A,8,254.0
2025-11-11,ANEXO,E,1,22.0
2025-11-11,HOSPITAL DA CIDADE,A,18,510.0
2025-11-11,HOSPITAL DA CIDADE,E,2,43.0
2025-11-12,ANEXO,A,10,267.0
2025-11-12,ANEXO,E,1,21.0
2025-11-12,HOSPITAL DA CIDADE,A,19,528.0
2025-11-12,HOSPITAL DA CIDADE,B,2,40.0
2025-11-12,HOSPITAL DA CIDADE,E,1,22.0
2025-11-13,ANEXO,A,7,170.0
2025-11-13,ANEXO,E,1,21.0
2025-11-13,HOSPITAL DA CIDADE,A,20,519.0
2025-11-13,HOSPITAL DA CIDADE,E,1,20.0
2025-11-14,ANEXO,A,8,244.0
2025-11-14,HOSPITAL DA CIDADE,A,22,522.0
2025-11-14,HOSPITAL DA CIDADE,B,1,30.0
2025-11-14,HOSPITAL DA CIDADE,E,2,44.0
2025-11-15,ANEXO,A,8,207.0
2025-11-15,HOSPITAL DA CIDADE,A,19,551.0
2025-11-15,HOSPITAL DA CIDADE,E,3,63.0
2025-11-16,ANEXO,A,7,165.0
2025-11-16,ANEXO,E,1,20.0
2025-11-16,HOSPITAL DA CIDADE,A,17,428.0
2025-11-16,HOSPITAL DA CIDADE,E,2,63.0
2025-11-17,ANEXO,A,7,175.0
2025-11-17,ANEXO,E,1,20.0
2025-11-17,HOSPITAL DA CIDADE,A,21,525.0
2025-11-18,ANEXO,A,8,200.0
2025-11-18,HOSPITAL DA CIDADE,A,19,475.0
2025-11-18,HOSPITAL DA CIDADE,A3,1,15.0
2025-11-18,HOSPITAL DA CIDADE,B,1,40.0
2025-11-18,HOSPITAL DA CIDADE,E,3,60.0
2025-11-19,ANEXO,A,8,200.0
2025-11-19,ANEXO,E,1,20.0
2025-11-19,HOSPITAL DA CIDADE,A,22,550.0
2025-11-19,HOSPITAL DA CIDADE,A3,1,15.0
2025-11-19,HOSPITAL DA CIDADE,E,1,20.0
2025-11-20,ANEXO,A,7,185.0
2025-11-20,HOSPITAL DA CIDADE,A,20,501.0
2025-11-20,HOSPITAL DA CIDADE,A3,1,15.0
2025-11-20,HOSPITAL DA CIDADE,E,2,43.0
2025-11-21,ANEXO,A,7,175.0
2025-11-21,ANEXO,E,1,20.0
2025-11-21,HOSPITAL DA CIDADE,A,20,500.0
2025-11-21,HOSPITAL DA CIDADE,E,3,60.0
2025-11-22,ANEXO,A,8,200.0
2025-11-22,ANEXO,E,1,20.0
2025-11-22,HOSPITAL DA CIDADE,A,18,450.0
2025-11-22,HOSPITAL DA CIDADE,E,2,40.0
2025-11-23,ANEXO,A,6,150.0
2025-11-23,ANEXO,E,1,20.0
2025-11-23,HOSPITAL DA CIDADE,A,20,500.0
2025-11-24,ANEXO,A,7,218.0
2025-11-24,HOSPITAL DA CIDADE,A,19,543.0
2025-11-24,HOSPITAL DA CIDADE,B,2,40.0
2025-11-24,HOSPITAL DA CIDADE,E,4,80.0
2025-11-25,ANEXO,A,7,175.0
2025-11-25,ANEXO,E,1,20.0
2025-11-25,HOSPITAL DA CIDADE,A,20,500.0
2025-11-25,HOSPITAL DA CIDADE,B,1,20.0
2025-11-25,HOSPITAL DA CIDADE,E,1,20.0
2025-11-26,ANEXO,A,7,186.0
2025-11-26,HOSPITAL DA CIDADE,A,20,568.0
2025-11-26,HOSPITAL DA CIDADE,A3,1,15.0
2025-11-26,HOSPITAL DA CIDADE,B,2,60.0
2025-11-27,ANEXO,A,6,150.0
2025-11-27,ANEXO,E,1,20.0
2025-11-27,HOSPITAL DA CIDADE,A,20,500.0
2025-11-27,HOSPITAL DA CIDADE,E,3,75.0
2025-11-28,ANEXO,A,7,175.0
2025-11-28,HOSPITAL DA CIDADE,A,22,550.0
2025-11-28,HOSPITAL DA CIDADE,B,2,40.0
2025-11-28,HOSPITAL DA CIDADE,E,3,75.0
2025-11-29,ANEXO,A,6,150.0
2025-11-29,HOSPITAL DA CIDADE,A,17,425.0
2025-11-29,HOSPITAL DA CIDADE,B,1,20.0
2025-11-29,HOSPITAL DA CIDADE,E,2,40.0
2025-11-30,ANEXO,A,6,150.0
2025-11-30,ANEXO,E,1,25.0
2025-11-30,HOSPITAL DA CIDADE,A,15,375.0
2025-11-30,HOSPITAL DA CIDADE,B,1,20.0
2025-11-30,HOSPITAL DA CIDADE,E,3,75.0
2025-12-01,ANEXO,A,7,175.0
2025-12-01,HOSPITAL DA CIDADE,A,18,450.0
2025-12-01,HOSPITAL DA CIDADE,A3,1,15.0
2025-12-01,HOSPITAL DA CIDADE,E,1,25.0
2025-12-02,ANEXO,A,7,175.0
2025-12-02,HOSPITAL DA CIDADE,A,21,525.0
2025-12-02,HOSPITAL DA CIDADE,B,2,40.0
2025-12-02,HOSPITAL DA CIDADE,E,2,50.0
2025-12-03,ANEXO,A,8,200.0
2025-12-03,HOSPITAL DA CIDADE,A,20,500.0
2025-12-03,HOSPITAL DA CIDADE,E,1,25.0
2025-12-04,ANEXO,A,7,175.0
2025-12-04,ANEXO,B,1,20.0
2025-12-04,ANEXO,E,1,20.0
2025-12-04,HOSPITAL DA CIDADE,A,18,450.0
2025-12-04,HOSPITAL DA CIDADE,B,1,25.0
2025-12-04,HOSPITAL DA CIDADE,E,2,50.0
2025-12-05,ANEXO,A,8,200.0
2025-12-05,HOSPITAL DA CIDADE,A,21,525.0
2025-12-05,HOSPITAL DA CIDADE,B,2,40.0
2025-12-05,HOSPITAL DA CIDADE,E,1,25.0
2025-12-06,ANEXO,A,8,201.0
2025-12-06,ANEXO,E,1,25.0
2025-12-06,HOSPITAL DA CIDADE,A,15,369.0
2025-12-06,HOSPITAL DA CIDADE,B,1,25.0
2025-12-06,HOSPITAL DA CIDADE,E,1,25.0
2025-12-08,ANEXO,A,14,350.0
2025-12-08,ANEXO,E,1,25.0
2025-12-08,HOSPITAL DA CIDADE,A,38,950.0
2025-12-08,HOSPITAL DA CIDADE,B,2,40.0
2025-12-08,HOSPITAL DA CIDADE,E,3,75.0
2025-12-09,ANEXO,A,7,175.0
2025-12-09,ANEXO,E,1,25.0
2025-12-09,HOSPITAL DA CIDADE,A,20,500.0
2025-12-09,HOSPITAL DA CIDADE,A3,1,15.0
2025-12-09,HOSPITAL DA CIDADE,B,1,20.0
2025-12-09,HOSPITAL DA CIDADE,E,2,50.0
2025-12-10,ANEXO,A,5,125.0
2025-12-10,HOSPITAL DA CIDADE,A,23,575.0
2025-12-10,HOSPITAL DA CIDADE,B,2,40.0
2025-12-10,HOSPITAL DA CIDADE,E,1,25.0
2025-12-11,ANEXO,A,9,225.0
2025-12-11,HOSPITAL DA CIDADE,A,20,500.0
2025-12-11,HOSPITAL DA CIDADE,B,1,20.0
2025-12-11,HOSPITAL DA CIDADE,E,3,75.0
2025-12-12,ANEXO,A,6,150.0
2025-12-12,ANEXO,E,1,25.0
2025-12-12,HOSPITAL DA CIDADE,A,27,675.0
2025-12-12,HOSPITAL DA CIDADE,A3,1,15.0
2025-12-12,HOSPITAL DA CIDADE,B,2,45.0
2025-12-12,HOSPITAL DA CIDADE,E,2,50.0
2025-12-13,ANEXO,A,9,225.0
2025-12-13,HOSPITAL DA CIDADE,A,20,500.0
2025-12-13,HOSPITAL DA CIDADE,E,1,25.0
2025-12-14,ANEXO,A,6,150.0
2025-12-14,ANEXO,E,1,25.0
2025-12-14,HOSPITAL DA CIDADE,A,18,450.0
2025-12-14,HOSPITAL DA CIDADE,B,1,25.0
2025-12-14,HOSPITAL DA CIDADE,E,2,50.0
2025-12-15,ANEXO,A,10,250.0
2025-12-15,HOSPITAL DA CIDADE,A,19,475.0
2025-12-15,HOSPITAL DA CIDADE,E,1,25.0
2025-12-16,ANEXO,A,7,175.0
2025-12-16,HOSPITAL DA CIDADE,A,18,450.0
2025-12-16,HOSPITAL DA CIDADE,B,3,60.0
2025-12-16,HOSPITAL DA CIDADE,E,2,50.0
2025-12-17,ANEXO,A,7,175.0
2025-12-17,ANEXO,E,1,25.0
2025-12-17,HOSPITAL DA CIDADE,A,24,600.0
2025-12-17,HOSPITAL DA CIDADE,E,2,50.0
2025-12-18,ANEXO,A,8,200.0
2025-12-18,ANEXO,E,1,25.0
2025-12-18,HOSPITAL DA CIDADE,A,23,575.0
2025-12-18,HOSPITAL DA CIDADE,A3,1,15.0
2025-12-18,HOSPITAL DA CIDADE,B,2,40.0
2025-12-18,HOSPITAL DA CIDADE,E,1,25.0
2025-12-19,ANEXO,A,8,200.0
2025-12-19,ANEXO,E,1,25.0
2025-12-19,HOSPITAL DA CIDADE,A,18,450.0
2025-12-19,HOSPITAL DA CIDADE,B,2,40.0
2025-12-19,HOSPITAL DA CIDADE,E,2,50.0
2025-12-20,ANEXO,A,8,200.0
2025-12-20,HOSPITAL DA CIDADE,A,20,500.0
2025-12-20,HOSPITAL DA CIDADE,B,1,25.0
2025-12-20,HOSPITAL DA CIDADE,E,2,50.0
2025-12-21,ANEXO,A,7,175.0
2025-12-21,ANEXO,E,1,25.0
2025-12-21,HOSPITAL DA CIDADE,A,15,375.0
2025-12-21,HOSPITAL DA CIDADE,E,1,25.0
2025-12-22,ANEXO,A,7,175.0
2025-12-22,HOSPITAL DA CIDADE,A,15,375.0
2025-12-22,HOSPITAL DA CIDADE,E,2,50.0
2025-12-23,ANEXO,A,7,175.0
2025-12-23,HOSPITAL DA CIDADE,A,18,450.0
2025-12-23,HOSPITAL DA CIDADE,B,2,40.0
2025-12-24,ANEXO,A,8,200.0
2025-12-24,ANEXO,E,1,25.0
2025-12-24,HOSPITAL DA CIDADE,A,25,625.0
2025-12-24,HOSPITAL DA CIDADE,B,2,50.0
2025-12-24,HOSPITAL DA CIDADE,E,2,50.0
2025-12-26,ANEXO,A,8,200.0
2025-12-26,HOSPITAL DA CIDADE,A,21,525.0
2025-12-26,HOSPITAL DA CIDADE,B,1,25.0
2025-12-26,HOSPITAL DA CIDADE,E,2,50.0
2025-12-27,ANEXO,A,9,225.0
2025-12-27,HOSPITAL DA CIDADE,A,18,450.0
2025-12-27,HOSPITAL DA CIDADE,E,2,50.0
2025-12-28,ANEXO,A,7,175.0
2025-12-28,ANEXO,E,1,25.0
2025-12-28,HOSPITAL DA CIDADE,A,19,425.0
2025-12-28,HOSPITAL DA CIDADE,B,1,25.0
2025-12-28,HOSPITAL DA CIDADE,E,1,25.0
2025-12-29,ANEXO,A,6,150.0
2025-12-29,HOSPITAL DA CIDADE,A,17,425.0
2025-12-29,HOSPITAL DA CIDADE,E,2,40.0
2025-12-30,ANEXO,A,11,275.0
2025-12-30,ANEXO,E,1,25.0
2025-12-30,HOSPITAL DA CIDADE,A,22,550.0
2025-12-30,HOSPITAL DA CIDADE,B,1,25.0
2025-12-30,HOSPITAL DA CIDADE,E,2,40.0
2025-12-31,ANEXO,A,3,75.0
2025-12-31,ANEXO,E,1,20.0
2025-12-31,HOSPITAL DA CIDADE,A,9,225.0
2025-12-31,HOSPITAL DA CIDADE,E,2,40.0
2026-01-02,ANEXO,A,10,250.0
2026-01-02,HOSPITAL DA CIDADE,COLCHOES,1,25.0
2026-01-02,HOSPITAL DA CIDADE,A,36,900.0
2026-01-02,HOSPITAL DA CIDADE,B,2,50.0
2026-01-02,HOSPITAL DA CIDADE,E,4,100.0
2026-01-03,ANEXO,A,7,175.0
2026-01-03,ANEXO,B,1,25.0
2026-01-03,ANEXO,E,2,50.0
2026-01-03,HOSPITAL DA CIDADE,A,17,425.0
2026-01-03,HOSPITAL DA CIDADE,B,1,25.0
2026-01-03,HOSPITAL DA CIDADE,E,2,50.0
2026-01-04,ANEXO,A,6,150.0
2026-01-04,HOSPITAL DA CIDADE,COLCHOES,1,25.0
2026-01-04,HOSPITAL DA CIDADE,A,18,450.0
2026-01-04,HOSPITAL DA CIDADE,E,2,50.0
2026-01-05,ANEXO,A,8,200.0
2026-01-05,HOSPITAL DA CIDADE,A,16,400.0
2026-01-05,HOSPITAL DA CIDADE,B,3,60.0
2026-01-05,HOSPITAL DA CIDADE,E,3,60.0
2026-01-06,ANEXO,A,6,150.0
2026-01-06,HOSPITAL DA CIDADE,COLCHOES,1,25.0
2026-01-06,HOSPITAL DA CIDADE,A,18,450.0
2026-01-06,HOSPITAL DA CIDADE,B,1,25.0
2026-01-06,HOSPITAL DA CIDADE,E,2,40.0
2026-01-07,ANEXO,A,5,125.0
2026-01-07,ANEXO,B,1,25.0
2026-01-07,ANEXO,E,1,25.0
2026-01-07,HOSPITAL DA CIDADE,COLCHOES,1,25.0
2026-01-07,HOSPITAL DA CIDADE,A,18,450.0
2026-01-07,HOSPITAL DA CIDADE,B,1,25.0
2026-01-07,HOSPITAL DA CIDADE,E,1,25.0
2026-01-08,ANEXO,A,7,175.0
2026-01-08,ANEXO,E,1,25.0
2026-01-08,HOSPITAL DA CIDADE,A,17,425.0
2026-01-08,HOSPITAL DA CIDADE,E,2,50.0
2026-01-09,ANEXO,A,6,150.0
2026-01-09,HOSPITAL DA CIDADE,A,18,450.0
2026-01-09,HOSPITAL DA CIDADE,B,4,100.0
2026-01-09,HOSPITAL DA CIDADE,E,3,75.0
2026-01-10,ANEXO,A,6,150.0
2026-01-10,ANEXO,E,1,25.0
2026-01-10,HOSPITAL DA CIDADE,A,16,400.0
2026-01-10,HOSPITAL DA CIDADE,E,2,50.0
2026-01-11,ANEXO,A,5,125.0
2026-01-11,HOSPITAL DA CIDADE,A,15,375.0
2026-01-11,HOSPITAL DA CIDADE,B,1,25.0
2026-01-11,HOSPITAL DA CIDADE,E,2,50.0
2026-01-12,ANEXO,A,5,125.0
2026-01-12,HOSPITAL DA CIDADE,A,16,400.0
2026-01-12,HOSPITAL DA CIDADE,E,2,50.0
2026-01-13,ANEXO,A,5,125.0
2026-01-13,ANEXO,E,1,25.0
2026-01-13,HOSPITAL DA CIDADE,COLCHOES,2,50.0
2026-01-13,HOSPITAL DA CIDADE,A,15,375.0
2026-01-13,HOSPITAL DA CIDADE,B,1,25.0
2026-01-13,HOSPITAL DA CIDADE,E,2,50.0
2026-01-14,ANEXO,A,5,125.0
2026-01-14,ANEXO,E,1,25.0
2026-01-14,HOSPITAL DA CIDADE,A,19,475.0
2026-01-14,HOSPITAL DA CIDADE,B,1,25.0
2026-01-14,HOSPITAL DA CIDADE,E,2,50.0
2026-01-15,ANEXO,A,6,150.0
2026-01-15,ANEXO,E,1,25.0
2026-01-15,HOSPITAL DA CIDADE,COLCHOES,1,25.0
2026-01-15,HOSPITAL DA CIDADE,A,17,425.0
2026-01-15,HOSPITAL DA CIDADE,B,1,25.0
2026-01-15,HOSPITAL DA CIDADE,E,2,50.0
2026-01-16,ANEXO,A,6,150.0
2026-01-16,HOSPITAL DA CIDADE,COLCHOES,2,50.0
2026-01-16,HOSPITAL DA CIDADE,A,17,425.0
2026-01-16,HOSPITAL DA CIDADE,E,1,20.0
2026-01-17,ANEXO,A,6,150.0
2026-01-17,ANEXO,E,1,25.0
2026-01-17,HOSPITAL DA CIDADE,COLCHOES,1,25.0
2026-01-17,HOSPITAL DA CIDADE,A,17,425.0
2026-01-17,HOSPITAL DA CIDADE,B,1,25.0
2026-01-17,HOSPITAL DA CIDADE,E,2,50.0
2026-01-18,ANEXO,A,4,100.0
2026-01-18,HOSPITAL DA CIDADE,A,17,425.0
2026-01-18,HOSPITAL DA CIDADE,E,3,75.0
2026-01-19,ANEXO,A,8,200.0
2026-01-19,HOSPITAL DA CIDADE,COLCHOES,1,25.0
2026-01-19,HOSPITAL DA CIDADE,A,22,550.0
2026-01-19,HOSPITAL DA CIDADE,B,1,25.0
2026-01-19,HOSPITAL DA CIDADE,E,2,50.0
2026-01-20,ANEXO,A,6,150.0
2026-01-20,ANEXO,E,1,25.0
2026-01-20,HOSPITAL DA CIDADE,A,18,450.0
2026-01-20,HOSPITAL DA CIDADE,B,1,25.0
2026-01-20,HOSPITAL DA CIDADE,E,2,50.0
2026-01-21,ANEXO,A,4,100.0
2026-01-21,ANEXO,E,1,25.0
2026-01-21,HOSPITAL DA CIDADE,A,10,250.0
2026-01-21,HOSPITAL DA CIDADE,B,1,25.0
2026-01-21,HOSPITAL DA CIDADE,E,1,25.0
2026-01-22,ANEXO,A,6,150.0
2026-01-22,HOSPITAL DA CIDADE,A,17,425.0
2026-01-22,HOSPITAL DA CIDADE,B,1,25.0
2026-01-22,HOSPITAL DA CIDADE,E,2,50.0
2026-01-23,ANEXO,COLCHOES,2,50.0
2026-01-23,ANEXO,A,6,150.0
2026-01-23,ANEXO,E,1,25.0
2026-01-23,HOSPITAL DA CIDADE,A,19,475.0
2026-01-23,HOSPITAL DA CIDADE,E,4,100.0
2026-01-24,ANEXO,A,6,150.0
2026-01-24,ANEXO,E,1,25.0
2026-01-24,HOSPITAL DA CIDADE,COLCHOES,1,0.0
2026-01-24,HOSPITAL DA CIDADE,A,17,425.0
2026-01-24,HOSPITAL DA CIDADE,B,1,25.0
2026-01-24,HOSPITAL DA CIDADE,E,1,25.0
2026-01-25,ANEXO,A,8,200.0
2026-01-25,HOSPITAL DA CIDADE,A,18,450.0
2026-01-25,HOSPITAL DA CIDADE,B,1,25.0
2026-01-25,HOSPITAL DA CIDADE,E,1,25.0
2026-01-26,ANEXO,A,8,200.0
2026-01-26,ANEXO,E,1,25.0
2026-01-26,HOSPITAL DA CIDADE,COLCHOES,1,25.0
2026-01-26,HOSPITAL DA CIDADE,A,16,450.0
2026-01-26,HOSPITAL DA CIDADE,E,3,75.0
2026-01-27,ANEXO,A,8,200.0
2026-01-27,HOSPITAL DA CIDADE,A,20,500.0
2026-01-27,HOSPITAL DA CIDADE,B,1,25.0
2026-01-27,HOSPITAL DA CIDADE,E,2,50.0
2026-01-28,ANEXO,COLCHOES,17,425.0
2026-01-28,ANEXO,A,7,175.0
2026-01-28,ANEXO,E,1,25.0
2026-01-28,HOSPITAL DA CIDADE,COLCHOES,2,50.0
2026-01-28,HOSPITAL DA CIDADE,A,21,525.0
2026-01-28,HOSPITAL DA CIDADE,B,1,25.0
2026-01-28,HOSPITAL DA CIDADE,E,1,25.0
2026-01-29,ANEXO,A,8,200.0
2026-01-29,ANEXO,B,1,25.0
2026-01-29,HOSPITAL DA CIDADE,A,18,450.0
2026-01-29,HOSPITAL DA CIDADE,B,3,60.0
2026-01-29,HOSPITAL DA CIDADE,E,3,75.0
2026-01-30,ANEXO,A,6,150.0
2026-01-30,HOSPITAL DA CIDADE,A,17,425.0
2026-01-30,HOSPITAL DA CIDADE,E,2,50.0
2026-01-31,ANEXO,A,6,150.0
2026-01-31,ANEXO,E,1,25.0
2026-01-31,HOSPITAL DA CIDADE,A,19,475.0
2026-01-31,HOSPITAL DA CIDADE,B,1,25.0
2026-01-31,HOSPITAL DA CIDADE,E,3,75.0
